CREATE TABLE MICROSERVICE.BUILDINGS(BUILDING_ID UNIQUEIDENTIFIER NOT NULL DEFAULT (NEWID()), BUILDING_NAME VARCHAR(256) NOT NULL, , BUILDING_ADDRESS VARCHAR(256) NOT NULL, VERSION BIGINT DEFAULT 0, CONSTRAINT BUILDINGS_PK PRIMARY KEY(BUILDING_ID))

CREATE TABLE MICROSERVICE.FLOORS(FLOOR_ID UNIQUEIDENTIFIER NOT NULL DEFAULT (NEWID()), FLOOR_NUMBER VARCHAR(256) NOT NULL, VERSION BIGINT DEFAULT 0, CONSTRAINT FLOORS_PK PRIMARY KEY(FLOOR_ID))

CREATE TABLE MICROSERVICE.DESKS(DESK_ID UNIQUEIDENTIFIER NOT NULL DEFAULT (NEWID()), DESK_NUMBER VARCHAR(256) NOT NULL, AVAILABLE BIT DEFAULT 1, VERSION BIGINT DEFAULT 0, CONSTRAINT DESKS_PK PRIMARY KEY(DESK_ID))

CREATE TABLE MICROSERVICE.BUILDING_FLOORS(BUILDING_FLOOR_ID UNIQUEIDENTIFIER NOT NULL DEFAULT (NEWID()), BUILDING_ID UNIQUEIDENTIFIER, FLOOR_ID UNIQUEIDENTIFIER, VERSION BIGINT DEFAULT 0, CONSTRAINT BUILDING_FLOOR_PK PRIMARY KEY(BUILDING_FLOOR_ID), CONSTRAINT BUILDING_FLOOR_UQ UNIQUE(BUILDING_ID, FLOOR_ID), CONSTRAINT BUILDING_FLOORS_BUILDING_FK FOREIGN KEY(BUILDING_ID) REFERENCES MICROSERVICE.BUILDINGS(BUILDING_ID), CONSTRAINT BUILDING_FLOORS_FLOOR_FK FOREIGN KEY(FLOOR_ID) REFERENCES MICROSERVICE.FLOORS(FLOOR_ID))

CREATE TABLE MICROSERVICE.FLOOR_DESKS(FLOOR_DESK_ID UNIQUEIDENTIFIER NOT NULL DEFAULT (NEWID()), FLOOR_ID UNIQUEIDENTIFIER, DESK_ID UNIQUEIDENTIFIER, VERSION BIGINT DEFAULT 0, CONSTRAINT FLOOR_DESK_PK PRIMARY KEY(FLOOR_DESK_ID), CONSTRAINT FLOOR_DESK_UQ UNIQUE(FLOOR_ID, DESK_ID), CONSTRAINT FLOOR_DESKS_FLOOR_FK FOREIGN KEY(FLOOR_ID) REFERENCES MICROSERVICE.FLOORS(FLOOR_ID), CONSTRAINT FLOOR_DESKS_DESK_FK FOREIGN KEY(DESK_ID) REFERENCES MICROSERVICE.DESKS(DESK_ID))

INSERT INTO MICROSERVICE.BUILDINGS(BUILDING_ID, BUILDING_NAME, BUILDING_ADDRESS) VALUES (cast(stuff(stuff(stuff(stuff(replace(replace('00000000000000000000000000000000','0x',''),'-',''),21,0,'-'),17,0,'-'),13,0,'-'),9,0,'-') as uniqueidentifier), 'Rainbow Tower', 'Hobbiton, The Shire')
INSERT INTO MICROSERVICE.BUILDINGS(BUILDING_ID, BUILDING_NAME, BUILDING_ADDRESS) VALUES (cast(stuff(stuff(stuff(stuff(replace(replace('0000000000000000FFFFFFFFFFFFFFFF','0x',''),'-',''),21,0,'-'),17,0,'-'),13,0,'-'),9,0,'-') as uniqueidentifier), 'Barad-dûr, the Dark Tower', 'Mordor, near the volcano Mount Doom (Orodruin)')

INSERT INTO MICROSERVICE.FLOORS(FLOOR_ID, FLOOR_NUMBER) VALUES (cast(stuff(stuff(stuff(stuff(replace(replace('00000000000000000000000000000000','0x',''),'-',''),21,0,'-'),17,0,'-'),13,0,'-'),9,0,'-') as uniqueidentifier), '10')
INSERT INTO MICROSERVICE.FLOORS(FLOOR_ID, FLOOR_NUMBER) VALUES (cast(stuff(stuff(stuff(stuff(replace(replace('0000000000000000FFFFFFFFFFFFFFFF','0x',''),'-',''),21,0,'-'),17,0,'-'),13,0,'-'),9,0,'-') as uniqueidentifier), '11')
INSERT INTO MICROSERVICE.FLOORS(FLOOR_ID, FLOOR_NUMBER) VALUES (cast(stuff(stuff(stuff(stuff(replace(replace('FFFFFFFFFFFFFFFFFFFFFFFFFFFFFFFF','0x',''),'-',''),21,0,'-'),17,0,'-'),13,0,'-'),9,0,'-') as uniqueidentifier), '14')

INSERT INTO MICROSERVICE.DESKS(DESK_ID, DESK_NUMBER) VALUES (cast(stuff(stuff(stuff(stuff(replace(replace('00000000000000000000000000000000','0x',''),'-',''),21,0,'-'),17,0,'-'),13,0,'-'),9,0,'-') as uniqueidentifier), '10.001A')
INSERT INTO MICROSERVICE.DESKS(DESK_ID, DESK_NUMBER) VALUES (cast(stuff(stuff(stuff(stuff(replace(replace('00000000000000000000000000000001','0x',''),'-',''),21,0,'-'),17,0,'-'),13,0,'-'),9,0,'-') as uniqueidentifier), '10.001B')
INSERT INTO MICROSERVICE.DESKS(DESK_ID, DESK_NUMBER) VALUES (cast(stuff(stuff(stuff(stuff(replace(replace('00000000000000000000000000000002','0x',''),'-',''),21,0,'-'),17,0,'-'),13,0,'-'),9,0,'-') as uniqueidentifier), '10.002A')
INSERT INTO MICROSERVICE.DESKS(DESK_ID, DESK_NUMBER) VALUES (cast(stuff(stuff(stuff(stuff(replace(replace('00000000000000000000000000000003','0x',''),'-',''),21,0,'-'),17,0,'-'),13,0,'-'),9,0,'-') as uniqueidentifier), '10.002B')
INSERT INTO MICROSERVICE.DESKS(DESK_ID, DESK_NUMBER) VALUES (cast(stuff(stuff(stuff(stuff(replace(replace('00000000000000000000000000000004','0x',''),'-',''),21,0,'-'),17,0,'-'),13,0,'-'),9,0,'-') as uniqueidentifier), '11.001A')
INSERT INTO MICROSERVICE.DESKS(DESK_ID, DESK_NUMBER) VALUES (cast(stuff(stuff(stuff(stuff(replace(replace('00000000000000000000000000000005','0x',''),'-',''),21,0,'-'),17,0,'-'),13,0,'-'),9,0,'-') as uniqueidentifier), '11.001B')
INSERT INTO MICROSERVICE.DESKS(DESK_ID, DESK_NUMBER) VALUES (cast(stuff(stuff(stuff(stuff(replace(replace('00000000000000000000000000000006','0x',''),'-',''),21,0,'-'),17,0,'-'),13,0,'-'),9,0,'-') as uniqueidentifier), '11.002A')
INSERT INTO MICROSERVICE.DESKS(DESK_ID, DESK_NUMBER) VALUES (cast(stuff(stuff(stuff(stuff(replace(replace('00000000000000000000000000000007','0x',''),'-',''),21,0,'-'),17,0,'-'),13,0,'-'),9,0,'-') as uniqueidentifier), '11.002B')
INSERT INTO MICROSERVICE.DESKS(DESK_ID, DESK_NUMBER) VALUES (cast(stuff(stuff(stuff(stuff(replace(replace('00000000000000000000000000000008','0x',''),'-',''),21,0,'-'),17,0,'-'),13,0,'-'),9,0,'-') as uniqueidentifier), '14.001A')
INSERT INTO MICROSERVICE.DESKS(DESK_ID, DESK_NUMBER) VALUES (cast(stuff(stuff(stuff(stuff(replace(replace('00000000000000000000000000000009','0x',''),'-',''),21,0,'-'),17,0,'-'),13,0,'-'),9,0,'-') as uniqueidentifier), '14.001B')
INSERT INTO MICROSERVICE.DESKS(DESK_ID, DESK_NUMBER) VALUES (cast(stuff(stuff(stuff(stuff(replace(replace('0000000000000000000000000000000A','0x',''),'-',''),21,0,'-'),17,0,'-'),13,0,'-'),9,0,'-') as uniqueidentifier), '14.002A')
INSERT INTO MICROSERVICE.DESKS(DESK_ID, DESK_NUMBER) VALUES (cast(stuff(stuff(stuff(stuff(replace(replace('0000000000000000000000000000000B','0x',''),'-',''),21,0,'-'),17,0,'-'),13,0,'-'),9,0,'-') as uniqueidentifier), '14.002B')

INSERT INTO MICROSERVICE.BUILDING_FLOORS(BUILDING_ID, FLOOR_ID) VALUES (cast(stuff(stuff(stuff(stuff(replace(replace('0000000000000000FFFFFFFFFFFFFFFF','0x',''),'-',''),21,0,'-'),17,0,'-'),13,0,'-'),9,0,'-') as uniqueidentifier), cast(stuff(stuff(stuff(stuff(replace(replace('00000000000000000000000000000000','0x',''),'-',''),21,0,'-'),17,0,'-'),13,0,'-'),9,0,'-') as uniqueidentifier))
INSERT INTO MICROSERVICE.BUILDING_FLOORS(BUILDING_ID, FLOOR_ID) VALUES (cast(stuff(stuff(stuff(stuff(replace(replace('00000000000000000000000000000000','0x',''),'-',''),21,0,'-'),17,0,'-'),13,0,'-'),9,0,'-') as uniqueidentifier), cast(stuff(stuff(stuff(stuff(replace(replace('0000000000000000FFFFFFFFFFFFFFFF','0x',''),'-',''),21,0,'-'),17,0,'-'),13,0,'-'),9,0,'-') as uniqueidentifier))
INSERT INTO MICROSERVICE.BUILDING_FLOORS(BUILDING_ID, FLOOR_ID) VALUES (cast(stuff(stuff(stuff(stuff(replace(replace('00000000000000000000000000000000','0x',''),'-',''),21,0,'-'),17,0,'-'),13,0,'-'),9,0,'-') as uniqueidentifier), cast(stuff(stuff(stuff(stuff(replace(replace('FFFFFFFFFFFFFFFFFFFFFFFFFFFFFFFF','0x',''),'-',''),21,0,'-'),17,0,'-'),13,0,'-'),9,0,'-') as uniqueidentifier))

INSERT INTO MICROSERVICE.FLOOR_DESKS(FLOOR_ID, DESK_ID) VALUES (cast(stuff(stuff(stuff(stuff(replace(replace('00000000000000000000000000000000','0x',''),'-',''),21,0,'-'),17,0,'-'),13,0,'-'),9,0,'-') as uniqueidentifier), cast(stuff(stuff(stuff(stuff(replace(replace('00000000000000000000000000000000','0x',''),'-',''),21,0,'-'),17,0,'-'),13,0,'-'),9,0,'-') as uniqueidentifier))
INSERT INTO MICROSERVICE.FLOOR_DESKS(FLOOR_ID, DESK_ID) VALUES (cast(stuff(stuff(stuff(stuff(replace(replace('00000000000000000000000000000000','0x',''),'-',''),21,0,'-'),17,0,'-'),13,0,'-'),9,0,'-') as uniqueidentifier), cast(stuff(stuff(stuff(stuff(replace(replace('00000000000000000000000000000001','0x',''),'-',''),21,0,'-'),17,0,'-'),13,0,'-'),9,0,'-') as uniqueidentifier))
INSERT INTO MICROSERVICE.FLOOR_DESKS(FLOOR_ID, DESK_ID) VALUES (cast(stuff(stuff(stuff(stuff(replace(replace('00000000000000000000000000000000','0x',''),'-',''),21,0,'-'),17,0,'-'),13,0,'-'),9,0,'-') as uniqueidentifier), cast(stuff(stuff(stuff(stuff(replace(replace('00000000000000000000000000000002','0x',''),'-',''),21,0,'-'),17,0,'-'),13,0,'-'),9,0,'-') as uniqueidentifier))
INSERT INTO MICROSERVICE.FLOOR_DESKS(FLOOR_ID, DESK_ID) VALUES (cast(stuff(stuff(stuff(stuff(replace(replace('00000000000000000000000000000000','0x',''),'-',''),21,0,'-'),17,0,'-'),13,0,'-'),9,0,'-') as uniqueidentifier), cast(stuff(stuff(stuff(stuff(replace(replace('00000000000000000000000000000003','0x',''),'-',''),21,0,'-'),17,0,'-'),13,0,'-'),9,0,'-') as uniqueidentifier))
INSERT INTO MICROSERVICE.FLOOR_DESKS(FLOOR_ID, DESK_ID) VALUES (cast(stuff(stuff(stuff(stuff(replace(replace('0000000000000000FFFFFFFFFFFFFFFF','0x',''),'-',''),21,0,'-'),17,0,'-'),13,0,'-'),9,0,'-') as uniqueidentifier), cast(stuff(stuff(stuff(stuff(replace(replace('00000000000000000000000000000004','0x',''),'-',''),21,0,'-'),17,0,'-'),13,0,'-'),9,0,'-') as uniqueidentifier))
INSERT INTO MICROSERVICE.FLOOR_DESKS(FLOOR_ID, DESK_ID) VALUES (cast(stuff(stuff(stuff(stuff(replace(replace('0000000000000000FFFFFFFFFFFFFFFF','0x',''),'-',''),21,0,'-'),17,0,'-'),13,0,'-'),9,0,'-') as uniqueidentifier), cast(stuff(stuff(stuff(stuff(replace(replace('00000000000000000000000000000005','0x',''),'-',''),21,0,'-'),17,0,'-'),13,0,'-'),9,0,'-') as uniqueidentifier))
INSERT INTO MICROSERVICE.FLOOR_DESKS(FLOOR_ID, DESK_ID) VALUES (cast(stuff(stuff(stuff(stuff(replace(replace('0000000000000000FFFFFFFFFFFFFFFF','0x',''),'-',''),21,0,'-'),17,0,'-'),13,0,'-'),9,0,'-') as uniqueidentifier), cast(stuff(stuff(stuff(stuff(replace(replace('00000000000000000000000000000006','0x',''),'-',''),21,0,'-'),17,0,'-'),13,0,'-'),9,0,'-') as uniqueidentifier))
INSERT INTO MICROSERVICE.FLOOR_DESKS(FLOOR_ID, DESK_ID) VALUES (cast(stuff(stuff(stuff(stuff(replace(replace('0000000000000000FFFFFFFFFFFFFFFF','0x',''),'-',''),21,0,'-'),17,0,'-'),13,0,'-'),9,0,'-') as uniqueidentifier), cast(stuff(stuff(stuff(stuff(replace(replace('00000000000000000000000000000007','0x',''),'-',''),21,0,'-'),17,0,'-'),13,0,'-'),9,0,'-') as uniqueidentifier))
INSERT INTO MICROSERVICE.FLOOR_DESKS(FLOOR_ID, DESK_ID) VALUES (cast(stuff(stuff(stuff(stuff(replace(replace('FFFFFFFFFFFFFFFFFFFFFFFFFFFFFFFF','0x',''),'-',''),21,0,'-'),17,0,'-'),13,0,'-'),9,0,'-') as uniqueidentifier), cast(stuff(stuff(stuff(stuff(replace(replace('00000000000000000000000000000008','0x',''),'-',''),21,0,'-'),17,0,'-'),13,0,'-'),9,0,'-') as uniqueidentifier))
INSERT INTO MICROSERVICE.FLOOR_DESKS(FLOOR_ID, DESK_ID) VALUES (cast(stuff(stuff(stuff(stuff(replace(replace('FFFFFFFFFFFFFFFFFFFFFFFFFFFFFFFF','0x',''),'-',''),21,0,'-'),17,0,'-'),13,0,'-'),9,0,'-') as uniqueidentifier), cast(stuff(stuff(stuff(stuff(replace(replace('00000000000000000000000000000009','0x',''),'-',''),21,0,'-'),17,0,'-'),13,0,'-'),9,0,'-') as uniqueidentifier))
INSERT INTO MICROSERVICE.FLOOR_DESKS(FLOOR_ID, DESK_ID) VALUES (cast(stuff(stuff(stuff(stuff(replace(replace('FFFFFFFFFFFFFFFFFFFFFFFFFFFFFFFF','0x',''),'-',''),21,0,'-'),17,0,'-'),13,0,'-'),9,0,'-') as uniqueidentifier), cast(stuff(stuff(stuff(stuff(replace(replace('0000000000000000000000000000000A','0x',''),'-',''),21,0,'-'),17,0,'-'),13,0,'-'),9,0,'-') as uniqueidentifier))
INSERT INTO MICROSERVICE.FLOOR_DESKS(FLOOR_ID, DESK_ID) VALUES (cast(stuff(stuff(stuff(stuff(replace(replace('FFFFFFFFFFFFFFFFFFFFFFFFFFFFFFFF','0x',''),'-',''),21,0,'-'),17,0,'-'),13,0,'-'),9,0,'-') as uniqueidentifier), cast(stuff(stuff(stuff(stuff(replace(replace('0000000000000000000000000000000B','0x',''),'-',''),21,0,'-'),17,0,'-'),13,0,'-'),9,0,'-') as uniqueidentifier))